<?xml version="1.0" encoding="UTF-8"?>
<!--
    This configuration file was written by the eclipse-cs plugin configuration editor
-->
<!--
    Checkstyle-Configuration: JSPWiki Coding Style
    Description: none
-->
<!DOCTYPE module PUBLIC "-//Puppy Crawl//DTD Check Configuration 1.2//EN" "http://www.puppycrawl.com/dtds/configuration_1_2.dtd">
<module name="Checker">
    <property name="severity" value="warning"/>
    <module name="TreeWalker">
        <module name="MemberName">
            <metadata name="com.atlassw.tools.eclipse.checkstyle.comment" value="Fields should always start with &quot;m_&quot;"/>
            <property name="format" value="^m_[a-z][a-zA-Z0-9]*$"/>
        </module>
        <module name="StaticVariableName">
            <metadata name="com.atlassw.tools.eclipse.checkstyle.comment" value="Static variables shall start with &quot;c_&quot; (except for &quot;log&quot;)"/>
            <property name="format" value="^log$|^c_[a-z][a-zA-Z0-9]*$"/>
        </module>
        <module name="LeftCurly">
            <property name="option" value="nl"/>
        </module>
        <module name="RightCurly">
            <property name="option" value="alone"/>
        </module>
        <module name="AvoidNestedBlocks"/>
        <module name="ConstantName">
            <property name="format" value="^log|[A-Z][A-Z0-9]*(_[A-Z0-9]+)*$"/>
        </module>
        <module name="MethodName"/>
        <module name="PackageName"/>
        <module name="ParameterName"/>
        <module name="TypeName"/>
        <module name="LocalVariableName"/>
        <module name="TabCharacter">
            <metadata name="com.atlassw.tools.eclipse.checkstyle.comment" value="Tabs are evil"/>
        </module>
        <module name="ModifierOrder"/>
        <module name="CovariantEquals"/>
        <module name="DefaultComesLast"/>
        <module name="DoubleCheckedLocking"/>
        <module name="EqualsHashCode"/>
        <module name="ExplicitInitialization">
            <property name="severity" value="ignore"/>
        </module>
        <module name="FallThrough"/>
        <module name="HiddenField"/>
        <module name="IllegalInstantiation"/>
        <module name="IllegalThrows"/>
        <module name="InnerAssignment">
            <property name="severity" value="ignore"/>
        </module>
        <module name="JUnitTestCase"/>
        <module name="MagicNumber">
            <property name="severity" value="ignore"/>
        </module>
        <module name="MissingSwitchDefault"/>
        <module name="ModifiedControlVariable">
            <property name="severity" value="ignore"/>
        </module>
        <module name="MultipleVariableDeclarations"/>
        <module name="PackageDeclaration"/>
        <module name="ParameterAssignment">
            <property name="severity" value="ignore"/>
        </module>
        <module name="StringLiteralEquality"/>
        <module name="SuperClone"/>
        <module name="SuperFinalize"/>
        <module name="UnnecessaryParentheses"/>
        <module name="DesignForExtension">
            <property name="severity" value="ignore"/>
        </module>
        <module name="FinalClass"/>
        <module name="HideUtilityClassConstructor"/>
        <module name="InterfaceIsType"/>
        <module name="MutableException"/>
        <module name="ArrayTypeStyle"/>
        <module name="UncommentedMain">
            <property name="excludedClasses" value="^.*Release$"/>
        </module>
        <module name="UpperEll"/>
        <module name="j2ee.FinalStatic"/>
        <module name="RequiredRegexp">
            <metadata name="com.atlassw.tools.eclipse.checkstyle.comment" value="No ASF preamble"/>
            <property name="format" value="^.*Licensed to the Apache Software Foundation.*$"/>
        </module>
        <module name="JavadocType">
            <property name="scope" value="package"/>
        </module>
        <module name="JavadocVariable">
            <property name="scope" value="public"/>
        </module>
        <module name="JavadocMethod">
            <property name="scope" value="protected"/>
        </module>
        <module name="GenericIllegalRegexp">
            <metadata name="com.atlassw.tools.eclipse.checkstyle.comment" value="@author tags should not be used"/>
            <property name="severity" value="info"/>
            <property name="format" value="^.*@author.*$"/>
        </module>
    </module>
    <module name="NewlineAtEndOfFile"/>
    <module name="PackageHtml"/>
</module>
